SYMBOL,Date,Series,Prev Close,Open,High,Low,Last,Close,VWAP,Volume,Turnover,Trades,Deliverable Volume,%Deliverble,Descripency Detail,Descripency
KOTAKBANK,2021-11-10,EQ,2097.2,2085.0,2091.35,2063.05,2077.55,2076.05,2077.46,1445788,300356793180000.0,78920,866668,59.940000000000005,"Vol Up, Delivery Down",1
KOTAKBANK,2021-11-11,EQ,2076.05,2073.0,2077.7,2047.55,2055.45,2054.1,2062.0,1547153,319022307435000.0,86034,731316,47.27,"Vol Up, Delivery Down",1
IOC,2021-11-10,EQ,139.7,139.4,141.3,138.7,139.7,139.45,139.93,10244603,143354481060000.0,81264,4862417,47.46,"Vol Up, Delivery Down",1
IOC,2021-11-11,EQ,139.45,134.15,135.6,132.6,133.75,133.3,133.99,12699644,170161002825000.0,118358,4534439,35.71,"Vol Up, Delivery Down",1
WIPRO,2021-11-10,EQ,658.45,655.9,659.0,651.55,652.95,652.6,655.01,4045695,264996225510000.0,91517,2396837,59.24,-,0
WIPRO,2021-11-11,EQ,652.6,649.75,649.75,636.8,642.95,641.8,642.26,6033898,387533167985000.0,162350,2600931,43.11,-,0
UPL,2021-11-10,EQ,746.35,746.25,774.0,741.1,771.5,771.3,765.77,6430811,492450748125000.0,123221,1438093,22.36,-,0
UPL,2021-11-11,EQ,771.3,774.0,777.95,760.5,765.85,764.7,768.32,3322415,255266236944999.97,75586,938160,28.24,-,0
ULTRACEMCO,2021-11-10,EQ,8166.0,8145.0,8187.85,8050.0,8100.05,8106.8,8103.14,209152,169478766405000.0,28291,85368,40.82,-,0
ULTRACEMCO,2021-11-11,EQ,8106.8,8100.0,8141.85,8005.0,8059.0,8050.65,8054.35,125814,101335018635000.0,22245,43157,34.3,-,0
TITAN,2021-11-10,EQ,2512.1,2505.0,2526.85,2472.2,2484.0,2484.6,2490.74,911235,226965064790000.0,64085,407049,44.67,-,0
TITAN,2021-11-11,EQ,2484.6,2484.0,2542.8,2476.3,2526.6,2528.1,2523.03,1726010,435477607030000.0,96076,476883,27.63,-,0
TECHM,2021-11-10,EQ,1559.2,1555.95,1573.35,1546.55,1561.85,1566.6,1564.06,1299996,203327330150000.0,66566,578924,44.53,-,0
TECHM,2021-11-11,EQ,1566.6,1560.0,1560.0,1515.0,1529.0,1521.95,1526.96,3027565,462296047485000.06,88698,1683038,55.59,-,0
TCS,2021-11-10,EQ,3505.7,3498.0,3519.7,3480.2,3484.95,3484.3,3494.09,1516489,529875495555000.0,115924,955899,63.029999999999994,-,0
TCS,2021-11-11,EQ,3484.3,3480.0,3510.05,3436.0,3505.0,3488.2,3464.62,1284514,445034703155000.0,98386,614576,47.85,-,0
TATASTEEL,2021-11-10,EQ,1335.95,1328.0,1329.0,1287.1,1297.5,1298.55,1300.47,11880417,1545009171130000.0,295166,4047117,34.07,-,0
TATASTEEL,2021-11-11,EQ,1298.55,1304.9,1324.5,1288.35,1300.0,1299.6,1306.58,13663860,1785287526209999.8,290972,4209885,30.81,-,0
TATAMOTORS,2021-11-10,EQ,509.65,506.25,515.95,500.2,511.0,510.75,510.99,26615777,1360048154290000.0,406993,5103121,19.17,-,0
TATAMOTORS,2021-11-11,EQ,510.75,510.0,519.0,501.0,504.5,503.45,508.46,29256213,1487570188225000.0,309113,7747496,26.480000000000004,-,0
TATACONSUM,2021-11-10,EQ,835.65,837.05,846.0,830.75,840.25,842.4,840.19,1371873,115262978450000.0,36399,688362,50.18,-,0
TATACONSUM,2021-11-11,EQ,842.4,842.15,842.15,823.4,838.7,837.65,832.15,1411243,117437196075000.0,34793,729652,51.7,-,0
SUNPHARMA,2021-11-10,EQ,801.35,799.75,815.0,797.0,807.5,811.1,809.18,2900645,234713017310000.0,62073,1226771,42.29,-,0
SUNPHARMA,2021-11-11,EQ,811.1,808.95,810.45,792.1,796.0,794.85,799.73,2107377,168533156135000.0,53921,1065522,50.56,-,0
SHREECEM,2021-11-10,EQ,29229.65,29099.0,29428.9,28965.0,29225.0,29355.8,29159.8,23034,67166689104999.99,8359,12261,53.23,-,0
SHREECEM,2021-11-11,EQ,29355.8,29198.5,29298.4,28850.0,29066.95,29010.55,29016.28,18576,53900636754999.99,8695,8403,45.24,-,0
SBIN,2021-11-10,EQ,529.15,525.55,528.5,521.5,523.7,524.4,524.92,15805538,829666043905000.0,233636,6661421,42.15,-,0
SBIN,2021-11-11,EQ,524.4,522.85,522.85,507.1,509.9,509.6,513.93,23086898,1186494788635000.0,404691,8852924,38.35,-,0
SBILIFE,2021-11-10,EQ,1207.25,1197.1,1204.8,1181.05,1182.9,1183.75,1191.79,842679,100429814420000.0,44553,527204,62.56,-,0
SBILIFE,2021-11-11,EQ,1183.75,1178.0,1192.1,1150.1,1154.1,1153.2,1162.98,1271079,147823849465000.0,90472,801936,63.09,-,0
RELIANCE,2021-11-10,EQ,2521.7,2516.7,2558.0,2503.65,2546.45,2549.9,2538.63,4731975,1201274220300000.0,168600,2429050,51.33,-,0
RELIANCE,2021-11-11,EQ,2549.9,2540.05,2570.5,2535.55,2556.0,2554.55,2551.89,4948422,1262782873625000.0,216865,2846346,57.52,-,0
POWERGRID,2021-11-10,EQ,186.55,185.95,186.5,183.55,184.55,184.4,184.91,10393389,192189064270000.0,65093,6031632,58.03,-,0
POWERGRID,2021-11-11,EQ,184.4,185.0,185.25,180.7,182.3,182.15,182.3,6638516,121019706820000.0,74792,3936957,59.3,-,0
ONGC,2021-11-10,EQ,156.65,156.7,158.7,156.45,157.85,157.7,157.58,13900618,219048913885000.0,77496,6603724,47.51,-,0
ONGC,2021-11-11,EQ,157.7,156.6,156.85,153.05,153.65,153.5,153.86,14158749,217844296635000.0,82425,7868793,55.58,-,0
NTPC,2021-11-10,EQ,138.5,138.2,138.25,136.75,137.45,137.4,137.37,5479056,75263185690000.0,49548,2255260,41.16,-,0
NTPC,2021-11-11,EQ,137.4,137.5,137.75,134.35,136.6,136.65,135.68,11418813,154928003145000.0,78681,7184593,62.92,-,0
NESTLEIND,2021-11-10,EQ,18940.75,18947.9,19042.6,18800.0,18881.25,18952.9,18925.67,38059,72029218135000.0,15051,18606,48.89,-,0
NESTLEIND,2021-11-11,EQ,18952.9,18950.0,18950.0,18670.05,18898.0,18854.0,18798.68,41956,78871738025000.0,14724,21556,51.38,-,0
MARUTI,2021-11-10,EQ,7577.55,7570.0,7580.0,7460.0,7514.9,7511.65,7508.27,562432,422289135730000.0,53959,348183,61.91,-,0
MARUTI,2021-11-11,EQ,7511.65,7512.0,7567.5,7442.0,7468.0,7453.45,7491.24,486991,364816853745000.0,63248,270578,55.559999999999995,-,0
M&M,2021-11-10,EQ,892.15,905.9,925.0,895.0,918.6,919.65,915.24,17083220,1563526408670000.0,309870,5051979,29.57,-,0
M&M,2021-11-11,EQ,919.65,918.95,928.8,911.0,924.75,924.75,920.73,4935551,454429799675000.0,94795,1946564,39.44,-,0
LT,2021-11-10,EQ,1943.6,1932.7,1954.0,1932.0,1950.0,1950.15,1945.41,3208195,624125552295000.0,85434,2042473,63.66,-,0
LT,2021-11-11,EQ,1950.15,1947.85,1981.75,1925.65,1934.1,1931.7,1959.77,7061537,1383900350680000.0,186174,4177836,59.160000000000004,-,0
JSWSTEEL,2021-11-10,EQ,676.65,675.0,676.05,652.2,661.55,662.4,660.94,6871348,454152130439999.94,111014,2572764,37.44,-,0
JSWSTEEL,2021-11-11,EQ,662.4,662.4,669.85,660.25,666.55,667.4,666.07,3868489,257669833310000.0,56518,1218990,31.510000000000005,-,0
ITC,2021-11-10,EQ,228.75,227.45,232.85,227.2,230.75,230.85,230.52,13431108,309618259800000.0,110805,4693940,34.95,-,0
ITC,2021-11-11,EQ,230.85,230.4,231.5,228.55,230.2,230.0,229.65,8134962,186817985730000.0,96104,3356619,41.26,-,0
INFY,2021-11-10,EQ,1742.5,1726.0,1750.95,1721.95,1742.0,1740.15,1737.49,4780368,830585215715000.0,115801,3420233,71.55,-,0
INFY,2021-11-11,EQ,1740.15,1732.95,1739.75,1709.0,1735.0,1733.3,1723.79,4731349,815586953830000.0,128994,3365758,71.14,-,0
INDUSINDBK,2021-11-10,EQ,1068.25,1066.8,1066.8,1027.8,1033.4,1032.2,1041.79,6796906,708093704025000.0,170528,2675724,39.37,-,0
INDUSINDBK,2021-11-11,EQ,1032.2,1032.2,1038.0,1020.5,1032.2,1033.3,1029.73,4527396,466198846814999.94,128191,1090450,24.09,-,0
ICICIBANK,2021-11-10,EQ,786.55,782.55,784.3,773.1,780.9,780.9,777.66,9507347,739347536405000.0,173605,5428909,57.10000000000001,-,0
ICICIBANK,2021-11-11,EQ,780.9,776.7,777.0,766.1,771.25,771.45,771.69,9221059,711580405435000.0,189648,5077147,55.06000000000001,-,0
HINDUNILVR,2021-11-10,EQ,2431.15,2411.05,2420.0,2396.0,2397.5,2400.15,2404.54,1794509,431496041414999.94,141555,1390688,77.5,-,0
HINDUNILVR,2021-11-11,EQ,2400.15,2402.7,2406.95,2366.2,2379.0,2376.2,2380.38,1282647,305319160775000.0,91178,861531,67.17,-,0
HINDALCO,2021-11-10,EQ,464.6,463.65,464.0,448.5,449.05,449.75,453.13,14672997,664881663010000.0,147824,6911052,47.1,-,0
HINDALCO,2021-11-11,EQ,449.75,449.05,456.3,446.6,454.65,453.95,452.6,7789754,352563357115000.0,103765,2339626,30.03,-,0
HEROMOTOCO,2021-11-10,EQ,2714.35,2714.0,2731.95,2701.85,2723.1,2718.8,2721.29,390217,106189195795000.0,29526,202130,51.800000000000004,-,0
HEROMOTOCO,2021-11-11,EQ,2718.8,2725.0,2725.0,2685.6,2701.0,2700.9,2700.38,264937,71543009115000.0,29873,104487,39.44,-,0
HDFCLIFE,2021-11-10,EQ,706.45,705.5,708.0,700.6,708.0,706.5,705.03,2077910,146498225945000.0,51696,1560200,75.09,-,0
HDFCLIFE,2021-11-11,EQ,706.5,706.0,706.9,700.15,701.8,702.6,702.22,1102633,77429350690000.0,37040,762684,69.17,-,0
HDFCBANK,2021-11-10,EQ,1572.25,1568.0,1569.0,1550.0,1555.0,1555.25,1556.97,6857063,1067626114135000.0,233747,5316027,77.53,-,0
HDFCBANK,2021-11-11,EQ,1555.25,1550.05,1554.9,1535.6,1549.6,1548.3,1543.95,3999702,617532328830000.0,157896,2359811,59.0,-,0
HDFC,2021-11-10,EQ,2941.6,2920.0,2951.0,2886.05,2944.7,2945.6,2920.26,3294239,962003081785000.0,111705,2180120,66.18,-,0
HDFC,2021-11-11,EQ,2945.6,2932.0,2932.0,2885.15,2905.0,2908.85,2904.34,2480671,720472299740000.0,111766,1732282,69.83,-,0
HCLTECH,2021-11-10,EQ,1172.8,1164.0,1175.0,1162.1,1171.2,1169.15,1168.82,2401325,280672085060000.0,83449,1639074,68.26,-,0
HCLTECH,2021-11-11,EQ,1169.15,1166.0,1167.8,1152.25,1161.25,1160.7,1160.33,2861259,332000145060000.0,69185,1862248,65.08,-,0
GRASIM,2021-11-10,EQ,1863.85,1846.9,1879.4,1842.0,1878.55,1874.45,1860.35,505300,94003363405000.0,28213,181973,36.01,-,0
GRASIM,2021-11-11,EQ,1874.45,1877.8,1893.0,1831.8,1848.5,1844.35,1860.86,945543,175951990900000.0,35309,339531,35.91,-,0
EICHERMOT,2021-11-10,EQ,2724.25,2720.0,2765.55,2710.0,2745.0,2746.75,2745.73,861635,236581358950000.0,56282,416596,48.35,-,0
EICHERMOT,2021-11-11,EQ,2746.75,2730.0,2742.9,2686.45,2704.75,2704.35,2706.03,533140,144269169865000.0,29004,264954,49.7,-,0
DRREDDY,2021-11-10,EQ,4792.35,4784.1,4849.95,4774.0,4828.0,4829.35,4824.33,342234,165105135520000.0,32312,213077,62.260000000000005,-,0
DRREDDY,2021-11-11,EQ,4829.35,4831.0,4849.35,4784.0,4813.15,4814.95,4818.03,317260,152856863985000.0,27855,206681,65.15,-,0
DIVISLAB,2021-11-10,EQ,4951.3,4928.0,4946.85,4866.0,4890.0,4905.75,4902.45,454790,222958607740000.0,55518,227316,49.98,-,0
DIVISLAB,2021-11-11,EQ,4905.75,4900.0,4900.0,4815.0,4837.0,4833.25,4844.16,341815,165580725700000.0,39535,163804,47.92,-,0
COALINDIA,2021-11-10,EQ,170.5,169.9,170.85,166.45,166.7,166.7,167.45,9212143,154259114000000.0,69954,3592473,39.0,-,0
COALINDIA,2021-11-11,EQ,166.7,165.9,167.65,165.2,167.3,167.0,166.52,6453205,107459528875000.0,65062,1962135,30.409999999999997,-,0
CIPLA,2021-11-10,EQ,914.15,910.0,924.5,910.0,913.0,912.45,917.69,1597922,146640170280000.0,65612,645261,40.38,-,0
CIPLA,2021-11-11,EQ,912.45,912.45,912.45,896.0,906.0,904.9,902.43,1180372,106520617360000.0,54560,485454,41.13,-,0
BRITANNIA,2021-11-10,EQ,3621.6,3629.45,3720.0,3600.0,3695.0,3698.5,3684.72,706755,260419571290000.0,61955,305915,43.28,-,0
BRITANNIA,2021-11-11,EQ,3698.5,3699.1,3718.0,3633.3,3644.8,3643.4,3660.04,298625,109297960505000.0,27686,181682,60.84,-,0
BPCL,2021-11-10,EQ,430.5,432.0,434.0,430.15,430.75,431.25,431.69,3282554,141705366570000.0,46542,1508022,45.94,-,0
BPCL,2021-11-11,EQ,431.25,425.95,427.25,422.05,426.2,425.3,424.5,3316769,140797793595000.0,85928,1867155,56.28999999999999,-,0
BHARTIARTL,2021-11-10,EQ,713.2,717.5,738.0,707.35,736.6,735.45,727.13,15180490,1103823022960000.0,206104,7347822,48.4,-,0
BHARTIARTL,2021-11-11,EQ,735.45,735.0,738.6,724.25,728.5,728.6,731.37,7421118,542756974370000.0,139820,2942159,39.65,-,0
BAJFINANCE,2021-11-10,EQ,7577.5,7545.0,7610.0,7505.0,7570.0,7581.45,7566.45,464989,351831512195000.0,46921,147009,31.620000000000005,-,0
BAJFINANCE,2021-11-11,EQ,7581.45,7570.2,7600.95,7410.0,7446.0,7452.7,7476.38,634400,474301673045000.0,78602,247962,39.09,-,0
BAJAJFINSV,2021-11-10,EQ,18172.5,18142.5,18375.0,18002.5,18295.0,18326.15,18240.57,178433,325471956340000.0,35454,28704,16.09,-,0
BAJAJFINSV,2021-11-11,EQ,18326.15,18250.0,18350.0,17810.0,17877.0,17871.35,17954.86,215558,387031457910000.0,40049,46390,21.52,-,0
BAJAJ-AUTO,2021-11-10,EQ,3794.45,3790.0,3801.6,3744.0,3780.0,3771.7,3765.11,373526,140636512059999.98,30300,235847,63.14000000000001,-,0
BAJAJ-AUTO,2021-11-11,EQ,3771.7,3774.5,3781.85,3726.0,3759.5,3749.95,3750.11,446382,167398094165000.0,31265,320928,71.9,-,0
AXISBANK,2021-11-10,EQ,745.05,742.7,753.35,732.0,749.95,749.35,746.4,10844883,809461659380000.0,180516,6889305,63.53,-,0
AXISBANK,2021-11-11,EQ,749.35,748.0,748.0,735.1,738.0,738.05,740.95,6195359,459042807950000.0,213656,3206420,51.76,-,0
ASIANPAINT,2021-11-10,EQ,3145.15,3132.0,3136.65,3080.5,3107.0,3108.3,3104.39,872975,271005384980000.03,75000,498299,57.08,-,0
ASIANPAINT,2021-11-11,EQ,3108.3,3090.0,3106.65,3052.0,3066.85,3063.5,3070.29,958143,294177247520000.0,86302,587174,61.28,-,0
ADANIPORTS,2021-11-10,EQ,737.35,736.4,745.05,730.1,738.0,737.9,738.39,2751881,203196729330000.0,45417,602082,21.88,-,0
ADANIPORTS,2021-11-11,EQ,737.9,734.95,741.55,728.5,733.1,735.1,734.59,2325810,170852659980000.0,44777,369222,15.870000000000001,-,0
